{"name":"cde09fbf-8b6e-47b3-bdf0-3423b68eda40","id":"/providers/Microsoft.Flow/flows/cde09fbf-8b6e-47b3-bdf0-3423b68eda40","type":"Microsoft.Flow/flows","properties":{"apiId":"/providers/Microsoft.PowerApps/apis/shared_logicflows","displayName":"Automatic File Backup","definition":{"metadata":{"workflowEntityId":null,"processAdvisorMetadata":null,"flowChargedByPaygo":null,"flowclientsuspensionreason":"None","flowclientsuspensiontime":null,"flowclientsuspensionreasondetails":null,"creator":{"id":"6c7589b1-88b1-4833-96ab-c83f2b7e6323","type":"User","tenantId":"1d196867-7880-434a-a2a9-bf8d0f016801"},"provisioningMethod":"FromDefinition","failureAlertSubscription":true,"clientLastModifiedTime":"2025-07-22T13:28:45.9889056Z","connectionKeySavedTimeKey":"2025-07-22T13:28:45.9889056Z","creationSource":"Portal","modifiedSources":"Portal"},"$schema":"https://schema.management.azure.com/providers/Microsoft.Logic/schemas/2016-06-01/workflowdefinition.json#","contentVersion":"1.0.0.0","parameters":{"$authentication":{"defaultValue":{},"type":"SecureObject"},"$connections":{"defaultValue":{},"type":"Object"}},"triggers":{"When_a_file_is_created_in_a_folder_(deprecated)":{"recurrence":{"frequency":"Minute","interval":1},"metadata":{"%252fShared%2bDocuments%252fAAC%2bIT%2bService%2bDesk":"/Shared Documents/AAC IT Service Desk"},"type":"OpenApiConnection","inputs":{"parameters":{"dataset":"https://asicsad.sharepoint.com/sites/ANA-ITTeam","folderId":"%252fShared%2bDocuments%252fAAC%2bIT%2bService%2bDesk"},"host":{"apiId":"/providers/Microsoft.PowerApps/apis/shared_sharepointonline","connectionName":"shared_sharepointonline","operationId":"OnNewFile"},"authentication":"@parameters('$authentication')"}}},"actions":{"Get_file_content_using_path":{"runAfter":{},"type":"OpenApiConnection","inputs":{"parameters":{"dataset":"https://contoso.sharepoint.com/sites/sitename","path":"@triggerOutputs()?['body/ServerRelativeUrl']","inferContentType":true},"host":{"apiId":"/providers/Microsoft.PowerApps/apis/shared_sharepointonline","connectionName":"shared_sharepointonline","operationId":"GetFileContentByPath"},"authentication":"@parameters('$authentication')"}},"Create_file":{"runAfter":{"Get_file_content_using_path":["Succeeded"]},"type":"OpenApiConnection","inputs":{"parameters":{"folderPath":"/","name":"@triggerOutputs()?['body/Name']","body":"@outputs('Get_file_content_using_path')?['body']"},"host":{"apiId":"/providers/Microsoft.PowerApps/apis/shared_onedriveforbusiness","connectionName":"shared_onedriveforbusiness","operationId":"CreateFile"},"authentication":"@parameters('$authentication')"}}},"outputs":{},"description":"Create automatic backups of important documents to SharePoint when files are modified in specific folders."},"connectionReferences":{"shared_sharepointonline":{"connectionName":"shared-sharepointonl-d0b0de73-0926-42be-88c3-d3d83b2c0566","source":"Embedded","id":"/providers/Microsoft.PowerApps/apis/shared_sharepointonline","tier":"NotSpecified","apiName":"sharepointonline","isProcessSimpleApiReferenceConversionAlreadyDone":false},"shared_onedriveforbusiness":{"connectionName":"shared-onedriveforbu-ea2d6db2-ab2f-40eb-84a5-fff749a96c0d","source":"Embedded","id":"/providers/Microsoft.PowerApps/apis/shared_onedriveforbusiness","tier":"NotSpecified","apiName":"onedriveforbusiness","isProcessSimpleApiReferenceConversionAlreadyDone":false}},"flowFailureAlertSubscribed":false,"isManaged":false}}