{"name":"587ad33d-4657-4b96-a123-b1321e57150b","id":"/providers/Microsoft.Flow/flows/587ad33d-4657-4b96-a123-b1321e57150b","type":"Microsoft.Flow/flows","properties":{"apiId":"/providers/Microsoft.PowerApps/apis/shared_logicflows","displayName":"Follow up on a message","definition":{"metadata":{"workflowEntityId":null,"processAdvisorMetadata":null,"flowChargedByPaygo":null,"flowclientsuspensionreason":"None","flowclientsuspensiontime":null,"flowclientsuspensionreasondetails":null,"creator":{"id":"6c7589b1-88b1-4833-96ab-c83f2b7e6323","type":"User","tenantId":"1d196867-7880-434a-a2a9-bf8d0f016801"},"provisioningMethod":"FromDefinition","failureAlertSubscription":true,"clientLastModifiedTime":"2025-07-22T12:44:20.7770397Z","connectionKeySavedTimeKey":"2025-07-22T12:44:20.7770397Z","creationSource":null},"$schema":"https://schema.management.azure.com/providers/Microsoft.Logic/schemas/2016-06-01/workflowdefinition.json#","contentVersion":"1.0.0.0","parameters":{"$authentication":{"defaultValue":{},"type":"SecureObject"},"$connections":{"defaultValue":{},"type":"Object"}},"triggers":{"manual":{"metadata":{"operationMetadataId":"805a935e-94c8-42ec-862f-7f45246126e4","flowSystemMetadata":{"swaggerOperationId":"ForASelectedMessageV2","taskModuleWidth":null,"taskModuleHeight":null,"inputsAdaptiveCard":"{\"$schema\":\"http://adaptivecards.io/schemas/adaptive-card.json\",\"type\":\"AdaptiveCard\",\"version\":\"1.3\",\"body\":[{\"type\":\"TextBlock\",\"text\":\"Reminder me about this message:\",\"weight\":\"Bolder\",\"size\":\"Medium\"},{\"type\":\"Input.Date\",\"spacing\":\"None\",\"id\":\"remindDate\",\"isRequired\":true,\"errorMessage\":\"Please select a remind date\",\"label\":\"Date:\"},{\"type\":\"Input.Time\",\"spacing\":\"None\",\"id\":\"remindTime\",\"isRequired\":true,\"errorMessage\":\"Please select a remind time\",\"label\":\"Time\"},{\"placeholder\":\"Notes for reminder\",\"type\":\"Input.Text\",\"id\":\"NotesForReminder\",\"isMultiline\":true}],\"-ms-tokens\":{}}"}},"type":"Request","kind":"ApiConnection","inputs":{"operationId":"ForASelectedMessageV2","parameters":{"inputsAdaptiveCard":"{\"$schema\":\"http://adaptivecards.io/schemas/adaptive-card.json\",\"type\":\"AdaptiveCard\",\"version\":\"1.3\",\"body\":[{\"type\":\"TextBlock\",\"text\":\"Reminder me about this message:\",\"weight\":\"Bolder\",\"size\":\"Medium\"},{\"type\":\"Input.Date\",\"spacing\":\"None\",\"id\":\"remindDate\",\"isRequired\":true,\"errorMessage\":\"Please select a remind date\",\"label\":\"Date:\"},{\"type\":\"Input.Time\",\"spacing\":\"None\",\"id\":\"remindTime\",\"isRequired\":true,\"errorMessage\":\"Please select a remind time\",\"label\":\"Time\"},{\"placeholder\":\"Notes for reminder\",\"type\":\"Input.Text\",\"id\":\"NotesForReminder\",\"isMultiline\":true}],\"-ms-tokens\":{}}"},"host":{"connection":{"name":"@parameters('$connections')['shared_teams']['connectionId']"},"api":{"runtimeUrl":"https://japan-001.azure-apim.net/apim/teams"}},"schema":{"type":"object","properties":{"cardOutputs":{"type":"object","properties":{"remindDate":{"title":"remindDate","type":"string"},"remindTime":{"title":"remindTime","type":"string"},"notesForReminder":{"title":"notesForReminder","type":"string"}}},"teamsFlowRunContext":{"type":"object","properties":{"messagePayload":{"type":"object","properties":{"from":{"type":"object","properties":{"user":{"type":"object","properties":{"displayName":{"title":"Sender User Display Name","type":"string"}},"required":[]}},"required":[]},"id":{"title":"Message ID","type":"string"}},"required":[]},"localTimezone":{"title":"Local Time Zone","type":"string"},"channelData":{"type":"object","properties":{"channel":{"type":"object","properties":{"id":{"title":"Channel ID","type":"string"}},"required":[]},"team":{"type":"object","properties":{"aadGroupId":{"title":"Team ID","type":"string"}},"required":[]}},"required":[]},"conversation":{"type":"object","properties":{"id":{"title":"Conversation ID","type":"string"}},"required":[]}}}},"required":["cardOutputs","teamsFlowRunContext"]}}}},"actions":{"Initialize_variable":{"runAfter":{},"metadata":{"operationMetadataId":"172d5437-b56e-4614-8d8a-bb0b051b0224"},"type":"InitializeVariable","inputs":{"variables":[{"name":"delayUntilTime","type":"string","value":" @{triggerBody()?['cardOutputs']?['remindDate']} @{triggerBody()?['cardOutputs']?['remindTime']}"}]}},"Initialize_variable_for_Notes":{"runAfter":{"Initialize_variable":["Succeeded"]},"metadata":{"operationMetadataId":"651e7fea-a55d-4fa4-9678-73718e85b422"},"type":"InitializeVariable","inputs":{"variables":[{"name":"Notes","type":"string","value":"@triggerBody()?['cardOutputs']?['notesForReminder']"}]}},"Convert_time_zone":{"runAfter":{"Condition_3":["Succeeded"]},"metadata":{"operationMetadataId":"4df04585-35ea-4e53-90b4-8123262167f2"},"type":"Expression","kind":"ConvertTimeZone","inputs":{"baseTime":"@variables('delayUntilTime')","sourceTimeZone":"@triggerBody()?['teamsFlowRunContext']?['localTimezone']","destinationTimeZone":"UTC","formatString":"o"}},"Get_my_profile_(V2)":{"runAfter":{"Convert_time_zone":["Succeeded"]},"metadata":{"operationMetadataId":"5abe0ffc-5b4d-48da-b90b-e205c1f89227"},"type":"OpenApiConnection","inputs":{"host":{"apiId":"/providers/Microsoft.PowerApps/apis/shared_office365users","connectionName":"shared_office365users","operationId":"MyProfile_V2"},"authentication":{"value":"@json(decodeBase64(triggerOutputs().headers['X-MS-APIM-Tokens']))['$ConnectionKey']","type":"Raw"}}},"Delay_until":{"runAfter":{"Get_my_profile_(V2)":["Succeeded"]},"metadata":{"operationMetadataId":"bd815c2a-9cac-4b80-a0eb-7594519fedfb"},"type":"Wait","inputs":{"until":{"timestamp":"@body('Convert_time_zone')"}}},"Condition_2":{"actions":{"Post_a_feed_notification":{"metadata":{"operationMetadataId":"208a3dde-92cb-4ca4-af89-899421c76ff7"},"type":"OpenApiConnection","inputs":{"parameters":{"poster":"Flow bot","notificationType":"groupchat","body/recipient":"@outputs('Get_my_profile_(V2)')?['body/userPrincipalName']","body/previewText":"@variables('Notes')","body/chatRecipient":"@triggerBody()?['teamsFlowRunContext']?['conversation']?['id']","body/messageId":"@triggerBody()?['teamsFlowRunContext']?['messagePayload']?['id']"},"host":{"apiId":"/providers/Microsoft.PowerApps/apis/shared_teams","connectionName":"shared_teams","operationId":"PostFeedNotification"},"authentication":{"value":"@json(decodeBase64(triggerOutputs().headers['X-MS-APIM-Tokens']))['$ConnectionKey']","type":"Raw"}}}},"runAfter":{"Delay_until":["Succeeded"]},"else":{"actions":{"Post_a_feed_notification_2":{"metadata":{"operationMetadataId":"aadfcdd0-d877-4a6c-9a09-6dde6b2d60a3"},"type":"OpenApiConnection","inputs":{"parameters":{"poster":"Flow bot","notificationType":"team","body/recipient":"@outputs('Get_my_profile_(V2)')?['body/userPrincipalName']","body/previewText":"@variables('Notes')","body/channelRecipient/groupId":"@triggerBody()?['teamsFlowRunContext']?['channelData']?['team']?['aadGroupId']","body/channelRecipient/channelId":"@triggerBody()?['teamsFlowRunContext']?['channelData']?['channel']?['id']","body/messageId":"@triggerBody()?['teamsFlowRunContext']?['messagePayload']?['id']"},"host":{"apiId":"/providers/Microsoft.PowerApps/apis/shared_teams","connectionName":"shared_teams","operationId":"PostFeedNotification"},"authentication":{"value":"@json(decodeBase64(triggerOutputs().headers['X-MS-APIM-Tokens']))['$ConnectionKey']","type":"Raw"}}}}},"expression":{"equals":["@triggerBody()?['teamsFlowRunContext']?['channelData']?['channel']?['id']","@null"]},"metadata":{"operationMetadataId":"60acbae2-5735-422f-97b5-1489eec2217a"},"type":"If"},"Condition_3":{"actions":{"Set_variable_2":{"metadata":{"operationMetadataId":"050fa3a5-e8b1-4764-ab57-f1da7330fba9"},"type":"SetVariable","inputs":{"name":"Notes","value":"Reminder for message sent by @{triggerBody()?['teamsFlowRunContext']?['messagePayload']?['from']?['user']?['displayName']}"}}},"runAfter":{"Initialize_variable_for_Notes":["Succeeded"]},"else":{"actions":{}},"expression":{"equals":["@empty(variables('Notes'))","@true"]},"metadata":{"operationMetadataId":"0fdb0cdb-4e46-455b-a9b0-ceb045ae0f69"},"type":"If"}},"description":"Ensure important messages don’t get lost in the conversation. This workflow lets you set a follow-up reminder for any message, helping you stay organized and respond at the right time. Set up the workflow and then right click and run the workflow on the message you would like to follow-up on."},"connectionReferences":{"shared_teams":{"connectionName":"shared-teams-ac0afeb0-0402-407b-b7c6-5a018f2282af","source":"Invoker","id":"/providers/Microsoft.PowerApps/apis/shared_teams","tier":"NotSpecified","apiName":"teams","isProcessSimpleApiReferenceConversionAlreadyDone":false},"shared_office365users":{"connectionName":"shared-office365user-cb7f3a03-5c1c-4990-8d4a-5165a6420006","source":"Invoker","id":"/providers/Microsoft.PowerApps/apis/shared_office365users","tier":"NotSpecified","apiName":"office365users","isProcessSimpleApiReferenceConversionAlreadyDone":false}},"flowFailureAlertSubscribed":false,"isManaged":false}}